hash_id,company,clean_name,notice_date,effective_date,employee_count,city,state,source_url
dc4478245bc3a3ffc49e415063f81d57,"Advanced Uniform Dust Control & Linen, LLC","Advanced Uniform Dust Control & Linen, LLC",2026-01-05,2026-03-06,4,Suite E Salinas,CA,https://edd.ca.gov/siteassets/files/jobs_and_training/warn/warn_report1.xlsx
90ce9524aaac8072acbb0fe3c6cc25ad,"FormFactor, Inc.","FormFactor, Inc.",2026-01-06,2026-01-30,113,Commerce Dr. Baldwin Park,CA,https://edd.ca.gov/siteassets/files/jobs_and_training/warn/warn_report1.xlsx
d766cccf5655907391a2faee66c08172,"FormFactor, Inc.","FormFactor, Inc.",2026-01-06,2026-12-18,107,Las Palmas Dr. Carlsbad,CA,https://edd.ca.gov/siteassets/files/jobs_and_training/warn/warn_report1.xlsx
ba21389d6bdf85c7b3660cd160f7ba4c,"Advanced Uniform Dust Control & Linen, LLC","Advanced Uniform Dust Control & Linen, LLC",2026-01-05,2026-03-06,89,Orange Avenue Patterson,CA,https://edd.ca.gov/siteassets/files/jobs_and_training/warn/warn_report1.xlsx
86a28b988bc6a2cffeef7466b9a951e9,Alameda Health System - Wilma Chan Highland Hospital,Alameda Health System - Wilma Chan Highland Hospital,2026-01-06,2026-03-09,128,St. Oakland,CA,https://edd.ca.gov/siteassets/files/jobs_and_training/warn/warn_report1.xlsx
83dff9a6f927f76c0a63a9a61b50a476,Alameda Health System - San Leandro Hospital,Alameda Health System - San Leandro Hospital,2026-01-06,2026-03-09,22,St. San Leandro,CA,https://edd.ca.gov/siteassets/files/jobs_and_training/warn/warn_report1.xlsx
a96dde5cc16e6f3c3cdf3fc6f687cf8f,Alameda Health System - John George Hospital,Alameda Health System - John George Hospital,2026-01-06,2026-03-09,16,Fairmont Dr. San Leandro,CA,https://edd.ca.gov/siteassets/files/jobs_and_training/warn/warn_report1.xlsx
6cd6c79581790bef668d799f5bf58d99,Alameda Health System - Alameda Hospital,Alameda Health System - Alameda Hospital,2026-01-06,2026-03-09,9,Clinton Ave. Alameda,CA,https://edd.ca.gov/siteassets/files/jobs_and_training/warn/warn_report1.xlsx
be696f48c638efff540e294fcabb9c5c,Alameda Health System - System Support Center,Alameda Health System - System Support Center,2026-01-06,2026-03-09,18,Oakport St. Oakland,CA,https://edd.ca.gov/siteassets/files/jobs_and_training/warn/warn_report1.xlsx
71541942b2cc606418bdff43d00f9fa8,Alameda Health System - Fairmont Rehabilitation and Wellness,Alameda Health System - Fairmont Rehabilitation and Wellness,2026-01-06,2026-03-09,44,Foothill Blvd. San Leandro,CA,https://edd.ca.gov/siteassets/files/jobs_and_training/warn/warn_report1.xlsx
97005043e435fcf8c341d483fc28094c,Alameda Health System - Park Bridge,Alameda Health System - Park Bridge,2026-01-06,2026-03-09,3,Blanding Ave. Alameda,CA,https://edd.ca.gov/siteassets/files/jobs_and_training/warn/warn_report1.xlsx
37c963e1ed12d370ddc2f7b9cd2774eb,Local Initiative Health Authority for Los Angeles County dba L.A. Care Health Plan,Local Initiative Health Authority for Los Angeles County dba L.A. Care Health Plan,2026-01-09,2026-03-13,225,Street Los Angeles,CA,https://edd.ca.gov/siteassets/files/jobs_and_training/warn/warn_report1.xlsx
61a8332669b26712e4e546cb0b31b428,Macy's,Macy's,2026-01-09,2026-03-18,77,Grossmont Center Drive La Mesa,CA,https://edd.ca.gov/siteassets/files/jobs_and_training/warn/warn_report1.xlsx
65c3feb26ec11a0dfa1e7838001e824b,Cucina Enoteca Del Mar,Cucina Enoteca Del Mar,2026-01-09,2026-03-11,43,Via de la Valle Del Mar,CA,https://edd.ca.gov/siteassets/files/jobs_and_training/warn/warn_report1.xlsx
5ca98d9c9b9c041c8135bf0655f0729a,Pomona Hospital Medical Center (1798),Pomona Hospital Medical Center (1798),2026-01-07,2026-03-08,108,North Gary Avenue Pomona,CA,https://edd.ca.gov/siteassets/files/jobs_and_training/warn/warn_report1.xlsx
498deff7cf4f730344102d1bdafcbf89,Pomona Hospital Medical Center (1601),Pomona Hospital Medical Center (1601),2026-01-07,2026-03-08,1,N. Monte Vista Ave Claremont,CA,https://edd.ca.gov/siteassets/files/jobs_and_training/warn/warn_report1.xlsx
82cafa93350aee722f4b229fb56f416f,Pomona Hospital Medical Center (300),Pomona Hospital Medical Center (300),2026-01-07,2026-03-08,4,S. Park Avenue Pomona,CA,https://edd.ca.gov/siteassets/files/jobs_and_training/warn/warn_report1.xlsx
9b59d98fde1bcf2f6686ad1824d80e56,Hupp Draft Services,Hupp Draft Services,2026-01-11,2026-02-27,75,Loren Avenue Chico,CA,https://edd.ca.gov/siteassets/files/jobs_and_training/warn/warn_report1.xlsx
4da42ec7db6308ce8b16366e0e40b3d4,Informatica LLC,Informatica LLC,2026-01-12,2026-02-28,35,Seaport Blvd. Redwood City,CA,https://edd.ca.gov/siteassets/files/jobs_and_training/warn/warn_report1.xlsx
7f6ba056d836ac76285463c57299a082,"Nestle USA, Inc. Mira Loma Distribution Center","Nestle USA, Inc. Mira Loma Distribution Center",2026-01-12,2026-03-13,88,Dulles Dr. Mira Loma,CA,https://edd.ca.gov/siteassets/files/jobs_and_training/warn/warn_report1.xlsx
4f9e2f3a75fdcc48d08979091b35938b,Wabash National LP,Wabash National LP,2026-01-05,2026-03-06,6,Harley Knox Blvd. Perris,CA,https://edd.ca.gov/siteassets/files/jobs_and_training/warn/warn_report1.xlsx
3a402e2f1c89130809d4b05a43c8e9bc,Wabash National LP,Wabash National LP,2026-01-05,2026-03-06,94,Alessandro Blvd Moreno Valley,CA,https://edd.ca.gov/siteassets/files/jobs_and_training/warn/warn_report1.xlsx
d6bafbe3e06c58703bab60b0715ada2e,"Copan Diagnostics, Inc.","Copan Diagnostics, Inc.",2026-01-05,2026-03-13,79,Loker Avenue West Carlsbad,CA,https://edd.ca.gov/siteassets/files/jobs_and_training/warn/warn_report1.xlsx
0d0c0bcdd1e4da9e66bb0281e63dbf0e,RR Donnelley,RR Donnelley,2026-01-14,2026-03-31,70,Mowry Avenue Newark,CA,https://edd.ca.gov/siteassets/files/jobs_and_training/warn/warn_report1.xlsx
64e6643086a0399dcf9382c38d828b62,Valero Refining Company,Valero Refining Company,2026-01-13,2026-03-15,237,Street Benicia,CA,https://edd.ca.gov/siteassets/files/jobs_and_training/warn/warn_report1.xlsx
9890da0f86a9e7114c63da2fc78e8916,Amy's Drive-Thru,Amy's Drive-Thru,2026-01-14,2026-03-08,55,Golf Course Drive West Rohnert Park,CA,https://edd.ca.gov/siteassets/files/jobs_and_training/warn/warn_report1.xlsx
98772e9c78de79dc55a604035f765f17,DHL Supply Chain,DHL Supply Chain,2026-01-15,2026-03-20,74,Voyager Street Livermore,CA,https://edd.ca.gov/siteassets/files/jobs_and_training/warn/warn_report1.xlsx
a8801befd2a576174f78c5d9c4a65da9,Sealed Air Corporation,Sealed Air Corporation,2026-01-08,2026-04-30,51,Arenth Ave City of Industry,CA,https://edd.ca.gov/siteassets/files/jobs_and_training/warn/warn_report1.xlsx
7529dd28ed6fe9c7118f6602c9e53254,"Lakeshore Learning Materials, LLC","Lakeshore Learning Materials, LLC",2026-01-16,2026-03-16,163,E. Dominguez St. Carson,CA,https://edd.ca.gov/siteassets/files/jobs_and_training/warn/warn_report1.xlsx
fc459009a39cbde1003ec4235a567a23,"Nationstar Mortgage, LLC d/b/a Mr. Cooper","Nationstar Mortgage, LLC d/b/a Mr. Cooper",2026-01-15,2026-01-16,110,Commerce Centre Drive Lake Forest,CA,https://edd.ca.gov/siteassets/files/jobs_and_training/warn/warn_report1.xlsx
acfca2be7ff8cfd1713fcf93f4194ec4,Albertsons Companies LLC,Albertsons Companies LLC,2026-01-16,2026-03-19,75,E. Ontario Ave Corona,CA,https://edd.ca.gov/siteassets/files/jobs_and_training/warn/warn_report1.xlsx
c6030d04383ee78a3718b2bddf985201,GCOM Software LLC dba Voyatek,GCOM Software LLC dba Voyatek,2026-01-16,2026-03-20,8,Rancho Cordova,CA,https://edd.ca.gov/siteassets/files/jobs_and_training/warn/warn_report1.xlsx
0a05988a7d06e253c2020562261eadc2,James Hardie Fontana Manufacturing,James Hardie Fontana Manufacturing,2026-01-15,2026-03-16,94,Elm Ave. Fontana,CA,https://edd.ca.gov/siteassets/files/jobs_and_training/warn/warn_report1.xlsx
7d1385d7792a5f48211bc583c5d48e9f,The Vons Companies Inc.,The Vons Companies Inc.,2026-01-16,2026-03-19,70,N. Orange St. Redlands,CA,https://edd.ca.gov/siteassets/files/jobs_and_training/warn/warn_report1.xlsx
a0d34e6cdfeb71b3134be7803ba805d2,Best Buy,Best Buy,2026-01-16,2026-03-17,46,Rancho Carmel Dr. San Diego,CA,https://edd.ca.gov/siteassets/files/jobs_and_training/warn/warn_report1.xlsx
820712950a0e5057b15511490751fef7,Best Buy,Best Buy,2026-01-16,2026-03-17,60,Stevens Creek Blvd. San Jose,CA,https://edd.ca.gov/siteassets/files/jobs_and_training/warn/warn_report1.xlsx
203ef2549fffd8e994490cacd58cb4bb,UKG Inc.,UKG Inc.,2026-01-15,2026-03-16,209,Santa Ana,CA,https://edd.ca.gov/siteassets/files/jobs_and_training/warn/warn_report1.xlsx
d90143ac74d964537589c55e5839e5be,"Resonetics, LLC","Resonetics, LLC",2026-01-20,2026-04-21,61,Campbell Ave. Menlo Park,CA,https://edd.ca.gov/siteassets/files/jobs_and_training/warn/warn_report1.xlsx
66df65c2a459267c56fc578ebd234419,"Meta Platforms, Inc.","Meta Platforms, Inc.",2026-01-16,2026-03-20,53,E Waterfront Drive Playa Vista,CA,https://edd.ca.gov/siteassets/files/jobs_and_training/warn/warn_report1.xlsx
2071e48b1b4ad6b982946aa3770b378d,"Pioneer Custom Electrical Products, LLC","Pioneer Custom Electrical Products, LLC",2026-01-21,2026-03-31,47,Springdale Avenue Santa Fe Springs,CA,https://edd.ca.gov/siteassets/files/jobs_and_training/warn/warn_report1.xlsx
cce7b4fb7b39dbc855763322b821dee0,"Meta Platforms, Inc.","Meta Platforms, Inc.",2026-01-16,2026-03-20,219,Airport Boulevard Burlingame,CA,https://edd.ca.gov/siteassets/files/jobs_and_training/warn/warn_report1.xlsx
a08dbec8b1381ec5111c3694fab6007a,McGee Air Services,McGee Air Services,2026-01-05,2026-03-06,32,Airport Dr Oakland,CA,https://edd.ca.gov/siteassets/files/jobs_and_training/warn/warn_report1.xlsx
e14e13227eeb294ece8ac9a28c4a6bd2,"Primo Brands, Inc.","Primo Brands, Inc.",2026-01-16,2026-03-17,19,Lakeside,CA,https://edd.ca.gov/siteassets/files/jobs_and_training/warn/warn_report1.xlsx
9f7fe67dce2dbc3e687502941e1e363b,Western Digital Technologies,Western Digital Technologies,2026-01-20,2026-01-20,87,Great Oaks Parkway San Jose,CA,https://edd.ca.gov/siteassets/files/jobs_and_training/warn/warn_report1.xlsx
bd295469f9aa08476db26ddb84ebdddd,"Gilead Sciences, Inc.","Gilead Sciences, Inc.",2026-01-21,2026-03-27,34,Ocean Ranch Blvd Oceanside,CA,https://edd.ca.gov/siteassets/files/jobs_and_training/warn/warn_report1.xlsx
a8a0d5c5d41cf2ccd606a2b74f99ca77,Corteva Agriscience,Corteva Agriscience,2026-01-22,2026-02-27,1,Loveridge Road Pittsburg,CA,https://edd.ca.gov/siteassets/files/jobs_and_training/warn/warn_report1.xlsx
554be6c422351e00b88cb8660776762d,"Illumina, Inc Worldwide Headquarters","Illumina, Inc Worldwide Headquarters",2026-01-14,2026-03-09,1,Illumina Way San Diego,CA,https://edd.ca.gov/siteassets/files/jobs_and_training/warn/warn_report1.xlsx
95323521f6adbfb921939032fd030722,"Illumina, Inc. Worldwide Headquarters","Illumina, Inc. Worldwide Headquarters",2026-01-14,2026-03-16,4,Illumina Way San Diego,CA,https://edd.ca.gov/siteassets/files/jobs_and_training/warn/warn_report1.xlsx
98913e8d4d0661a15986f168f1d8c818,Autodesk,Autodesk,2026-01-23,2026-04-01,104,Market Street San Francisco,CA,https://edd.ca.gov/siteassets/files/jobs_and_training/warn/warn_report1.xlsx
6d2614f7004de1674b93c39daa4befab,Phillips 66 - Wilmington,Phillips 66 - Wilmington,2026-01-26,2026-12-01,111,W. Anaheim Street Wilmington,CA,https://edd.ca.gov/siteassets/files/jobs_and_training/warn/warn_report1.xlsx
aa9294415de939282954ab55f93f5fb9,Phillips 66,Phillips 66,2026-01-26,2026-12-01,44,E. Sepulveda Blvd. Carson,CA,https://edd.ca.gov/siteassets/files/jobs_and_training/warn/warn_report1.xlsx
0d508ae3382d74c2597f2e799a6c66ed,"Schultz Industrial Services, Inc.","Schultz Industrial Services, Inc.",2026-01-27,2026-03-31,66,W. Anaheim Street Los Angeles,CA,https://edd.ca.gov/siteassets/files/jobs_and_training/warn/warn_report1.xlsx
6ececa676046e7ec66e71bd68a7bb669,JBT Marel Corporation,JBT Marel Corporation,2026-01-27,2026-09-18,59,W Industrial Ave. Madera,CA,https://edd.ca.gov/siteassets/files/jobs_and_training/warn/warn_report1.xlsx
ccf951b4b03e60b3f55fe098cdbdc50e,Google (BRGAS1265),Google (BRGAS1265),2026-01-26,2026-04-12,1,Borregas Avenue Sunnyvale,CA,https://edd.ca.gov/siteassets/files/jobs_and_training/warn/warn_report1.xlsx
c743b70c887ed6e6d222da7d0c36505c,Google (HMBLT3),Google (HMBLT3),2026-01-26,2026-03-29,1,Humboldt Court Sunnyvale,CA,https://edd.ca.gov/siteassets/files/jobs_and_training/warn/warn_report1.xlsx
159e222e74426e51f619e3493bb13382,Google (MP1),Google (MP1),2026-01-26,2026-03-29,2,Borregas Avenue Sunnyvale,CA,https://edd.ca.gov/siteassets/files/jobs_and_training/warn/warn_report1.xlsx
0d188588d9303b9ec4c1b8c0e51a04d0,Google (MP2),Google (MP2),2026-01-26,2026-03-22,3,Borregas Avenue Sunnyvale,CA,https://edd.ca.gov/siteassets/files/jobs_and_training/warn/warn_report1.xlsx
59be2d310b729a8940cecf4d53ed7d5f,Google (MP3),Google (MP3),2026-01-26,2026-03-29,27,Bordeaux Drive Sunnyvale,CA,https://edd.ca.gov/siteassets/files/jobs_and_training/warn/warn_report1.xlsx
ef43ba0c8a00c6df9b765d11698ce049,Google (MP4),Google (MP4),2026-01-26,2026-03-15,24,Bordeaux Drive Sunnyvale,CA,https://edd.ca.gov/siteassets/files/jobs_and_training/warn/warn_report1.xlsx
b6c06f4991f273f7d8469d5bfb2b26f3,Google (MPD237),Google (MPD237),2026-01-26,2026-03-15,19,Moffett Park Drive Sunnyvale,CA,https://edd.ca.gov/siteassets/files/jobs_and_training/warn/warn_report1.xlsx
21bb319ee7ff782bebcc8805d6fcbae7,"Catholic Charities, Diocese of San Diego - Mission Valley ASIP","Catholic Charities, Diocese of San Diego - Mission Valley ASIP",2026-01-27,2026-03-31,45,San Diego,CA,https://edd.ca.gov/siteassets/files/jobs_and_training/warn/warn_report1.xlsx
05a8e47b02cb3a2960a184a8025d13ea,"Catholic Charities, Diocese of San Diego - MG Suite A","Catholic Charities, Diocese of San Diego - MG Suite A",2026-01-27,2026-03-31,7,Mission Gorge Place San Diego,CA,https://edd.ca.gov/siteassets/files/jobs_and_training/warn/warn_report1.xlsx
1b48a64928c41240be705c5242b7d215,"Catholic Charities, Diocese of San Diego - MG Suite B","Catholic Charities, Diocese of San Diego - MG Suite B",2026-01-27,2026-03-31,11,Mission Gorge Place San Diego,CA,https://edd.ca.gov/siteassets/files/jobs_and_training/warn/warn_report1.xlsx
e299d668dc64b098741b708005d1be6d,"Catholic Charities, Diocese of San Diego - San Diego Migrant Shelter","Catholic Charities, Diocese of San Diego - San Diego Migrant Shelter",2026-01-27,2026-03-31,7,Pacific Highway San Diego,CA,https://edd.ca.gov/siteassets/files/jobs_and_training/warn/warn_report1.xlsx
c67a94cf954cecf07e559c0ae16f3194,"Catholic Charities, Diocese of San Diego - Pastoral Center","Catholic Charities, Diocese of San Diego - Pastoral Center",2026-01-27,2026-03-31,6,Paducah Dr. San Diego,CA,https://edd.ca.gov/siteassets/files/jobs_and_training/warn/warn_report1.xlsx
e57c55dfa3314019f13362ea44644b54,Thermo Fisher Scientific,Thermo Fisher Scientific,2026-01-27,2026-03-18,173,Van Allen Way Carlsbad,CA,https://edd.ca.gov/siteassets/files/jobs_and_training/warn/warn_report1.xlsx
ddd6d05289b46acd6c752158841848a2,BEN Group. Inc (BENlabs),BEN Group. Inc (BENlabs),2026-01-26,2026-03-06,75,Los Angeles,CA,https://edd.ca.gov/siteassets/files/jobs_and_training/warn/warn_report1.xlsx
9e09d27b60911d9ccdfd465a2394ad37,Amazon - MAB1,Amazon - MAB1,2026-01-28,2026-04-28,215,Topanga Canyon Blvd. Woodland Hills,CA,https://edd.ca.gov/siteassets/files/jobs_and_training/warn/warn_report1.xlsx
d72e0822fab2e567319b6b4e5af646b4,Amazon - MAB4,Amazon - MAB4,2026-01-28,2026-04-28,131,Lankershim Blvd. North Hollywood,CA,https://edd.ca.gov/siteassets/files/jobs_and_training/warn/warn_report1.xlsx
3cad9e462e74fde2b18c233038237434,Amazon - MAB5,Amazon - MAB5,2026-01-28,2026-04-28,184,Rinaldi St. Porter Ranch,CA,https://edd.ca.gov/siteassets/files/jobs_and_training/warn/warn_report1.xlsx
59a20ec8ae47cddf74116b063a40a8c1,Amazon - MAC9,Amazon - MAC9,2026-01-28,2026-04-28,168,E Spring St. Long Beach,CA,https://edd.ca.gov/siteassets/files/jobs_and_training/warn/warn_report1.xlsx
b2da6b7b3fac9f1c82a166c916a5e671,Amazon - MAF3,Amazon - MAF3,2026-01-28,2026-04-28,201,Ventura Blvd. Encino,CA,https://edd.ca.gov/siteassets/files/jobs_and_training/warn/warn_report1.xlsx
08a72f29ee79fa064eed2b3da6f7e958,Amazon - MAF8,Amazon - MAF8,2026-01-28,2026-04-28,196,Hawthrone Blvd. Torrance,CA,https://edd.ca.gov/siteassets/files/jobs_and_training/warn/warn_report1.xlsx
ea201589c698c6e6ed58d0db71da39f7,Amazon - MAF9,Amazon - MAF9,2026-01-28,2026-04-28,155,South St. Cerritos,CA,https://edd.ca.gov/siteassets/files/jobs_and_training/warn/warn_report1.xlsx
ac65cd93bb712934402138860bbb2b18,Amazon - MAG1,Amazon - MAG1,2026-01-28,2026-04-28,185,S La Cienega Blvd Los Angeles,CA,https://edd.ca.gov/siteassets/files/jobs_and_training/warn/warn_report1.xlsx
8d4d7ce8f2c6fa5105262e99aa88537e,Amazon - MAK9,Amazon - MAK9,2026-01-28,2026-04-28,134,E. Colorado Blvd. Pasadena,CA,https://edd.ca.gov/siteassets/files/jobs_and_training/warn/warn_report1.xlsx
38cbb839ba24ff20be991d5045cde8c5,Amazon - MAB8,Amazon - MAB8,2026-01-28,2026-04-28,191,Warner Avenue Huntington Beach,CA,https://edd.ca.gov/siteassets/files/jobs_and_training/warn/warn_report1.xlsx
bb71a8a05df5a4a57b305172c914c25f,Amazon - MAB9,Amazon - MAB9,2026-01-28,2026-04-28,191,Jamboree Rd. Irvine,CA,https://edd.ca.gov/siteassets/files/jobs_and_training/warn/warn_report1.xlsx
40842facbdf4b7e203003dcf2335b4fd,Amazon - MAC2,Amazon - MAC2,2026-01-28,2026-04-28,175,S. Harbor Blvd. Fullerton,CA,https://edd.ca.gov/siteassets/files/jobs_and_training/warn/warn_report1.xlsx
27538892dd3bef5731b6ed3563ffb25e,Amazon - MBA6,Amazon - MBA6,2026-01-28,2026-04-28,181,Brookhurst St. Fountain Valley,CA,https://edd.ca.gov/siteassets/files/jobs_and_training/warn/warn_report1.xlsx
574eb0a6894bacce93bb395c9fb89eab,Amazon - MAQ9,Amazon - MAQ9,2026-01-28,2026-04-28,174,Stanford Ranch Rd. Roseville,CA,https://edd.ca.gov/siteassets/files/jobs_and_training/warn/warn_report1.xlsx
73a8aedd37a322fa3b8a1ea6c9b007cf,Amazon - MAH8,Amazon - MAH8,2026-01-28,2026-04-28,172,Murrieta Hot Springs Rd. Murrieta,CA,https://edd.ca.gov/siteassets/files/jobs_and_training/warn/warn_report1.xlsx
fd5c42f436e8649ed671a53189fe19c7,Amazon - MAI8,Amazon - MAI8,2026-01-28,2026-04-28,182,Pomerado Rd. Poway,CA,https://edd.ca.gov/siteassets/files/jobs_and_training/warn/warn_report1.xlsx
ac32843f286a77a03464ad94168e368c,Amazon - MAJ8,Amazon - MAJ8,2026-01-28,2026-04-28,160,Bedford Canyon Rd. Corona,CA,https://edd.ca.gov/siteassets/files/jobs_and_training/warn/warn_report1.xlsx
36da4d3fd5b944a6f0e27a232d0d347a,Amazon - MAM9,Amazon - MAM9,2026-01-28,2026-04-28,179,Elk Grove Blvd. Elk Grove,CA,https://edd.ca.gov/siteassets/files/jobs_and_training/warn/warn_report1.xlsx
5c0a2610d075d5b3a9c1286e8898e679,Amazon - MAQ8,Amazon - MAQ8,2026-01-28,2026-04-28,163,Sunrise Blvd. Citrus Heights,CA,https://edd.ca.gov/siteassets/files/jobs_and_training/warn/warn_report1.xlsx
f0a4ac76ac9f293ef2dad3bf2603eeda,Amazon - MAF5,Amazon - MAF5,2026-01-28,2026-04-28,190,E. Foothill Blvd. Upland,CA,https://edd.ca.gov/siteassets/files/jobs_and_training/warn/warn_report1.xlsx
4352701d8eaff6ee2b104e201a361d8c,Amazon - MAO6,Amazon - MAO6,2026-01-28,2026-04-28,189,South Highland Ave. Fontana,CA,https://edd.ca.gov/siteassets/files/jobs_and_training/warn/warn_report1.xlsx
fd0fa8428904ba9bbf885973dc9ca621,Amazon - MAM7,Amazon - MAM7,2026-01-28,2026-04-28,139,Los Angeles Ave Moorpark,CA,https://edd.ca.gov/siteassets/files/jobs_and_training/warn/warn_report1.xlsx
ccef6ec9f96f1c44d6b7431a6f89061b,Pinterest Inc. (San Francisco),Pinterest Inc. (San Francisco),2026-01-27,2026-03-31,98,Brannan St San Francisco,CA,https://edd.ca.gov/siteassets/files/jobs_and_training/warn/warn_report1.xlsx
1676f3e8dd5828e19f9dffc065dc281a,Pinterest Inc. (CA Remote),Pinterest Inc. (CA Remote),2026-01-27,2026-03-31,4,Remote,CA,https://edd.ca.gov/siteassets/files/jobs_and_training/warn/warn_report1.xlsx
f75736f1b02a80930bdc4ac9b725da43,Pinterest Inc. (Palo Alto),Pinterest Inc. (Palo Alto),2026-01-27,2026-03-31,16,Palo Alto,CA,https://edd.ca.gov/siteassets/files/jobs_and_training/warn/warn_report1.xlsx
21099686829ab75b63fa057fdc39ea71,Shell Recharge Solutions,Shell Recharge Solutions,2026-01-29,2026-03-31,29,Los Angeles,CA,https://edd.ca.gov/siteassets/files/jobs_and_training/warn/warn_report1.xlsx
5b8b922cd17d7e3bf180643c5a52c8ef,"Innovation Bakers, LLC","Innovation Bakers, LLC",2026-01-26,2026-03-31,117,W Malvern Ave. Fullerton,CA,https://edd.ca.gov/siteassets/files/jobs_and_training/warn/warn_report1.xlsx
ed06431584673c300f9627e2e7ba1422,First Foundation Inc.,First Foundation Inc.,2026-01-28,2026-03-31,98,Irvine,CA,https://edd.ca.gov/siteassets/files/jobs_and_training/warn/warn_report1.xlsx
2cda81aff148e0c6ba77d43118651775,"Mercury Systems, Inc.","Mercury Systems, Inc.",2026-01-30,2026-03-31,18,Fremont Blvd Fremont,CA,https://edd.ca.gov/siteassets/files/jobs_and_training/warn/warn_report1.xlsx
95069ced11d224a5bb9664f717c09a40,Amazon (LAX10),Amazon (LAX10),2026-01-29,2026-04-28,2,Santa Monica,CA,https://edd.ca.gov/siteassets/files/jobs_and_training/warn/warn_report1.xlsx
8a8c687c91439cf0de202c90e5d3196f,Amazon (LAX16),Amazon (LAX16),2026-01-29,2026-04-28,46,Santa Monica,CA,https://edd.ca.gov/siteassets/files/jobs_and_training/warn/warn_report1.xlsx
bc37112eba950e833fbbc3779181b5e6,Amazon (LAX78),Amazon (LAX78),2026-01-29,2026-04-28,45,Colorado Avenue Santa Monica,CA,https://edd.ca.gov/siteassets/files/jobs_and_training/warn/warn_report1.xlsx
d2856e61dac6a11c7a5b6f4155e2fb0d,"Chan Zuckerberg Biohub, Inc.","Chan Zuckerberg Biohub, Inc.",2026-01-29,2026-03-30,1,Illinois St. San Francisco,CA,https://edd.ca.gov/siteassets/files/jobs_and_training/warn/warn_report1.xlsx
12c26e1e3f37368508de756bc0c042dc,"Chan Zuckerberg Initiative, LLC","Chan Zuckerberg Initiative, LLC",2026-01-29,2026-03-30,38,Main St. Redwood,CA,https://edd.ca.gov/siteassets/files/jobs_and_training/warn/warn_report1.xlsx
3ab6f80646bd606e5b5ad759b0bd64b2,"Chan Zuckerberg Initiative, LLC - Remote","Chan Zuckerberg Initiative, LLC - Remote",2026-01-29,2026-03-30,32,Main St. Redwood City,CA,https://edd.ca.gov/siteassets/files/jobs_and_training/warn/warn_report1.xlsx
61f2d5fe2994c3a8f2cb71bc1b241ba6,Amazon (SJC25),Amazon (SJC25),2026-01-29,2026-04-28,43,Augustine Dr Santa Clara,CA,https://edd.ca.gov/siteassets/files/jobs_and_training/warn/warn_report1.xlsx
53ea4e86f07e4252f01408a53d719072,Amazon (SJC38),Amazon (SJC38),2026-01-29,2026-04-28,141,Olcott St Santa Clara,CA,https://edd.ca.gov/siteassets/files/jobs_and_training/warn/warn_report1.xlsx
0868806ac5d5c797bae184e42b649731,Amazon (SJC44),Amazon (SJC44),2026-01-29,2026-04-28,49,Great America Pkwy Santa Clara,CA,https://edd.ca.gov/siteassets/files/jobs_and_training/warn/warn_report1.xlsx
d26685271b731a754e87a7f6cd282423,Amazon,Amazon,2026-01-29,2026-04-28,72,San Antonio Rd Mountain View,CA,https://edd.ca.gov/siteassets/files/jobs_and_training/warn/warn_report1.xlsx
af116fd451ff3f5faac955800818c9d8,Amazon,Amazon,2026-01-29,2026-04-28,32,Enterprise Way Sunnyvale,CA,https://edd.ca.gov/siteassets/files/jobs_and_training/warn/warn_report1.xlsx
a0980a23de6e148d1ff8ed5f63567077,Amazon,Amazon,2026-01-29,2026-04-28,58,Eleventh Ave. Sunnyvale,CA,https://edd.ca.gov/siteassets/files/jobs_and_training/warn/warn_report1.xlsx
9326b2dbef886e6fef04883025180282,Amazon,Amazon,2026-01-29,2026-04-28,87,Discovery Way Sunnyvale,CA,https://edd.ca.gov/siteassets/files/jobs_and_training/warn/warn_report1.xlsx
76bd38657741623787250bccb190f4f7,Amazon,Amazon,2026-01-29,2026-04-28,89,University Ave Palo Alto,CA,https://edd.ca.gov/siteassets/files/jobs_and_training/warn/warn_report1.xlsx
052d3225015386824b6dbc56e88f7294,Amazon - SNA12,Amazon - SNA12,2026-01-29,2026-04-28,5,Irvine,CA,https://edd.ca.gov/siteassets/files/jobs_and_training/warn/warn_report1.xlsx
449bfb327fc1776f7cb684431b90311f,Amazon - SNA 16,Amazon - SNA 16,2026-01-29,2026-04-28,24,Laguna Canyon Rd. Irvine,CA,https://edd.ca.gov/siteassets/files/jobs_and_training/warn/warn_report1.xlsx
063b043a3e2a8e5d5aa6b7a92f5cc218,Amazon - SNA 17,Amazon - SNA 17,2026-01-29,2026-04-28,1,Irvine,CA,https://edd.ca.gov/siteassets/files/jobs_and_training/warn/warn_report1.xlsx
b83afed8ce58f87ccf22d3934c97096c,Amazon - SNA 20,Amazon - SNA 20,2026-01-29,2026-04-28,25,Spectrum Center Dr. Irvine,CA,https://edd.ca.gov/siteassets/files/jobs_and_training/warn/warn_report1.xlsx
0d0bd8a1f4ff7deca4d077c15fdddd67,Amazon - SNA 3,Amazon - SNA 3,2026-01-29,2026-04-28,34,Irvine,CA,https://edd.ca.gov/siteassets/files/jobs_and_training/warn/warn_report1.xlsx
c068591721ca48c07bafb742182b3e43,Amazon - SAN 13,Amazon - SAN 13,2026-01-29,2026-04-28,38,San Diego,CA,https://edd.ca.gov/siteassets/files/jobs_and_training/warn/warn_report1.xlsx
c7c7b5ee77d0ba709c6bfaa1f1b516c5,Amazon - SAN 15,Amazon - SAN 15,2026-01-29,2026-04-28,1,Camino San Bernardo San Diego,CA,https://edd.ca.gov/siteassets/files/jobs_and_training/warn/warn_report1.xlsx
3c8c5ba43c430184389cf48123010db4,Amazon - SAN 17,Amazon - SAN 17,2026-01-29,2026-04-28,19,La Jolla Village San Diego,CA,https://edd.ca.gov/siteassets/files/jobs_and_training/warn/warn_report1.xlsx
aa1e6fdae646557c0c4928d05fce32ab,Amazon - SAN 18,Amazon - SAN 18,2026-01-29,2026-04-28,13,Aventine San Diego,CA,https://edd.ca.gov/siteassets/files/jobs_and_training/warn/warn_report1.xlsx
5b6e9f083331dd8ba2d4ab334935b198,Amazon - SAN 21,Amazon - SAN 21,2026-01-29,2026-04-28,2,La Jolla Village San Diego,CA,https://edd.ca.gov/siteassets/files/jobs_and_training/warn/warn_report1.xlsx
98dbc47f4e6a1edeb056d5c61e059584,Amazon - SAN 3,Amazon - SAN 3,2026-01-29,2026-04-28,1,Otay Mesa Road San Diego,CA,https://edd.ca.gov/siteassets/files/jobs_and_training/warn/warn_report1.xlsx
962973197bb87ceb175e7ae89491947d,Amazon - SFO 13,Amazon - SFO 13,2026-01-29,2026-04-28,19,Floor San Francisco,CA,https://edd.ca.gov/siteassets/files/jobs_and_training/warn/warn_report1.xlsx
234b8a68e8134cf2659528f2e6fa55c8,Amazon - SFO 28,Amazon - SFO 28,2026-01-29,2026-04-28,84,Market St. San Francisco,CA,https://edd.ca.gov/siteassets/files/jobs_and_training/warn/warn_report1.xlsx
51a70c692ecb14c86c708e041efd31d0,"MINACT, Inc.","MINACT, Inc.",2026-01-30,2026-03-31,118,Avenue H San Francisco,CA,https://edd.ca.gov/siteassets/files/jobs_and_training/warn/warn_report1.xlsx
a7c58cba4a15bdaaccb8cc11b087ff28,Regal Rexnord,Regal Rexnord,2026-02-02,2026-04-10,3,Fresno,CA,https://edd.ca.gov/siteassets/files/jobs_and_training/warn/warn_report1.xlsx
714f200288399fab1ad663ed43bbaff4,Phillips 66,Phillips 66,2026-02-02,2026-04-03,82,W. Anaheim Street Wilmington,CA,https://edd.ca.gov/siteassets/files/jobs_and_training/warn/warn_report1.xlsx
3742ad58827e7119b2b3f251ff14e420,Phillips 66,Phillips 66,2026-02-02,2026-04-03,40,E. Sepulveda Blvd. Carson,CA,https://edd.ca.gov/siteassets/files/jobs_and_training/warn/warn_report1.xlsx
778dfd35a5d4a50ffa84dcdb468faa3b,Legacy Supply Chain,Legacy Supply Chain,2026-01-31,2026-04-01,8,Canoga Avenue Canoga Park,CA,https://edd.ca.gov/siteassets/files/jobs_and_training/warn/warn_report1.xlsx
b871afbe04965a967ed702da879da3bc,Legacy Supply Chain,Legacy Supply Chain,2026-01-31,2026-04-01,92,North Berry St Brea,CA,https://edd.ca.gov/siteassets/files/jobs_and_training/warn/warn_report1.xlsx
29428d0fda7bf2bcb93895534dc6b784,Legacy Supply Chain,Legacy Supply Chain,2026-01-31,2026-04-01,4,Indio,CA,https://edd.ca.gov/siteassets/files/jobs_and_training/warn/warn_report1.xlsx
d0b2e0b21aeb4ad1b6cf6aa42b08f9fa,Legacy Supply Chain,Legacy Supply Chain,2026-01-31,2026-04-01,11,San Bernardino Ave Fontana,CA,https://edd.ca.gov/siteassets/files/jobs_and_training/warn/warn_report1.xlsx
5bae6bf72be0c4ccc9d5ef2dced7e64f,Legacy Supply Chain,Legacy Supply Chain,2026-01-31,2026-04-01,14,Old Grove Rd San Diego,CA,https://edd.ca.gov/siteassets/files/jobs_and_training/warn/warn_report1.xlsx
c844836a2f4b6b664ea1f4ed2867c607,"American Eagle Outfitters, Inc.","American Eagle Outfitters, Inc.",2026-02-02,2026-04-03,108,Valley View Street La Palma,CA,https://edd.ca.gov/siteassets/files/jobs_and_training/warn/warn_report1.xlsx
fcc4b11230283ccf900b157efcfeb942,Medical Device Components LLC dba Lighteum Medical,Medical Device Components LLC dba Lighteum Medical,2026-01-30,2026-04-03,83,World Trade Drive San Diego,CA,https://edd.ca.gov/siteassets/files/jobs_and_training/warn/warn_report1.xlsx
aed7fcd6a862bfd174fa0e762bbaa5bd,"Intrepid Studios, Inc.","Intrepid Studios, Inc.",2026-01-31,2026-02-02,123,San Diego,CA,https://edd.ca.gov/siteassets/files/jobs_and_training/warn/warn_report1.xlsx
c031636736daf29ed2d5dfa405570884,City National Bank,City National Bank,2026-01-30,2026-04-03,9,S. Grand Ave. Los Angeles,CA,https://edd.ca.gov/siteassets/files/jobs_and_training/warn/warn_report1.xlsx
237d5e1bb1da3ddcd6112faf431dcac8,"Constellation Brands, Inc.","Constellation Brands, Inc.",2026-02-03,2026-04-03,212,Madera,CA,https://edd.ca.gov/siteassets/files/jobs_and_training/warn/warn_report1.xlsx
8341d1650c29bc0c4399082d698dcc47,"Meta Platforms, Inc. - 305 Constitution","Meta Platforms, Inc. - 305 Constitution",2026-02-02,2026-03-20,39,Constitution Dr. Menlo Park,CA,https://edd.ca.gov/siteassets/files/jobs_and_training/warn/warn_report1.xlsx
a3e60c986ea659a76fd224f59993efcd,"Meta Platforms, Inc. - 1 Hacker","Meta Platforms, Inc. - 1 Hacker",2026-02-02,2026-03-20,6,Hacker Way Menlo Park,CA,https://edd.ca.gov/siteassets/files/jobs_and_training/warn/warn_report1.xlsx
d2901887fa2e18ff40f85ecfb381bf19,"Meta Platforms, Inc. - 180 Jefferson","Meta Platforms, Inc. - 180 Jefferson",2026-02-02,2026-03-20,2,Jefferson Drive Menlo Park,CA,https://edd.ca.gov/siteassets/files/jobs_and_training/warn/warn_report1.xlsx
10924c20da18dd2d0b4a71fc30655954,"Meta Platforms, Inc. - 190 Jefferson","Meta Platforms, Inc. - 190 Jefferson",2026-02-02,2026-03-20,1,Jefferson Drive Menlo Park,CA,https://edd.ca.gov/siteassets/files/jobs_and_training/warn/warn_report1.xlsx
d2bd9859d8c2462d33c04a653ee12ca2,"Meta Platforms, Inc. - 220 Jefferson","Meta Platforms, Inc. - 220 Jefferson",2026-02-02,2026-03-20,2,Jefferson Drive Menlo Park,CA,https://edd.ca.gov/siteassets/files/jobs_and_training/warn/warn_report1.xlsx
75c50a5061dc32943104209b3d0aa971,"Meta Platforms, Inc.","Meta Platforms, Inc.",2026-02-02,2026-03-20,52,Discovery Way Sunnyvale,CA,https://edd.ca.gov/siteassets/files/jobs_and_training/warn/warn_report1.xlsx
460a03f59c59252f99423d56df6e199d,"Western Digital Technologies, Inc.","Western Digital Technologies, Inc.",2026-01-27,2026-01-27,47,Great Oaks Parkway San Jose,CA,https://edd.ca.gov/siteassets/files/jobs_and_training/warn/warn_report1.xlsx
17669ab2704c67f0df809098f05fa41e,"First Brands Group, LLC","First Brands Group, LLC",2026-02-03,2026-04-04,98,Keystone Pkwy Patterson,CA,https://edd.ca.gov/siteassets/files/jobs_and_training/warn/warn_report1.xlsx
fbc1b85bc2d1fc393bea7f7687c9dd09,"Small Precision Tools California, Inc.","Small Precision Tools California, Inc.",2026-02-03,2026-04-17,30,Clegg Street Petaluma,CA,https://edd.ca.gov/siteassets/files/jobs_and_training/warn/warn_report1.xlsx
32d2a4fae57cd31faf0b4b3ac7c3c4cf,HRL Laboratories,HRL Laboratories,2026-02-03,2026-04-03,258,Malibu Canyon Drive Malibu,CA,https://edd.ca.gov/siteassets/files/jobs_and_training/warn/warn_report1.xlsx
056abd9c27348fe751250e7adcd1cd50,HRL Laboratories,HRL Laboratories,2026-02-03,2026-04-03,50,Agoura Road Calabasas,CA,https://edd.ca.gov/siteassets/files/jobs_and_training/warn/warn_report1.xlsx
5b81277602331c53b2b63359fce91fff,HRL Laboratories,HRL Laboratories,2026-02-03,2026-04-03,21,Street Santa Monica,CA,https://edd.ca.gov/siteassets/files/jobs_and_training/warn/warn_report1.xlsx
651834fd80e27090bdb38c27b0b9ee40,HRL Laboratories (Remote),HRL Laboratories (Remote),2026-02-03,2026-04-03,8,Malibu,CA,https://edd.ca.gov/siteassets/files/jobs_and_training/warn/warn_report1.xlsx
2792d9d02ea9696fc11b4db04cf65a64,HRL Laboratories,HRL Laboratories,2026-02-03,2026-04-03,4,Calle Plano Camarillo,CA,https://edd.ca.gov/siteassets/files/jobs_and_training/warn/warn_report1.xlsx
23c02026523fb8ee553920e87449381b,HRL Laboratories,HRL Laboratories,2026-02-03,2026-04-03,35,Willow Lane Thousand Oaks,CA,https://edd.ca.gov/siteassets/files/jobs_and_training/warn/warn_report1.xlsx
053b088b5375dcc2cc768d2c5229149b,Workday Inc.,Workday Inc.,2026-02-04,2026-04-06,154,Stoneridge Mall Road Pleasanton,CA,https://edd.ca.gov/siteassets/files/jobs_and_training/warn/warn_report1.xlsx
785afcf805c1b0b5b856a9e17f262873,"Medtronic, Inc.","Medtronic, Inc.",2026-02-05,2026-04-07,81,Devonshire Street Northridge,CA,https://edd.ca.gov/siteassets/files/jobs_and_training/warn/warn_report1.xlsx
7c93f21aaf36216877dbae9912034ac7,"Liberty Dental Plan of California, Inc.","Liberty Dental Plan of California, Inc.",2026-02-05,2026-04-06,22,Tustin,CA,https://edd.ca.gov/siteassets/files/jobs_and_training/warn/warn_report1.xlsx
2b7ed62ae4e35676a9902e8655157f09,RSVC Company (3051 Myers Street),RSVC Company (3051 Myers Street),2026-02-04,2026-04-06,13,Myers Street Riverside,CA,https://edd.ca.gov/siteassets/files/jobs_and_training/warn/warn_report1.xlsx
4cb0527b66d1b12555131aadd26a3f45,RSVC Company (1825 Chicago Avenue),RSVC Company (1825 Chicago Avenue),2026-02-04,2026-04-06,114,Chicago Avenue Riverside,CA,https://edd.ca.gov/siteassets/files/jobs_and_training/warn/warn_report1.xlsx
750093366db4bde7d005605b9b21d772,Del Monte Foods Corporation II Inc - Modesto,Del Monte Foods Corporation II Inc - Modesto,2026-01-30,2026-04-07,765,Yosemite Boulevard Modesto,CA,https://edd.ca.gov/siteassets/files/jobs_and_training/warn/warn_report1.xlsx
a191f4a1395c34bd145470f750436297,Del Monte Foods Corporation II Inc. - Hughson,Del Monte Foods Corporation II Inc. - Hughson,2026-01-30,2026-04-07,11,Santa Fe Avenue Hughson,CA,https://edd.ca.gov/siteassets/files/jobs_and_training/warn/warn_report1.xlsx
342df9ac2046efa74ed8d1800f786790,"Super A Foods, Inc.","Super A Foods, Inc.",2026-01-23,2026-03-24,20,E. Florence Ave. Bell Gardens,CA,https://edd.ca.gov/siteassets/files/jobs_and_training/warn/warn_report1.xlsx
35cc309516fdef738b1aaca9d76b515c,Searles Valley Minerals,Searles Valley Minerals,2026-02-06,2026-04-07,270,Main Street Trona,CA,https://edd.ca.gov/siteassets/files/jobs_and_training/warn/warn_report1.xlsx
fda537e699bc8366d1192e330dcedec8,Fender Musical Instruments Corporation,Fender Musical Instruments Corporation,2026-02-06,2026-04-07,60,Cessna Cir. Corona,CA,https://edd.ca.gov/siteassets/files/jobs_and_training/warn/warn_report1.xlsx
e7fea78660b890a9fc6990a9ff184ba5,Riot Games,Riot Games,2026-02-09,2026-04-10,56,W Olympic Blvd. Los Angeles,CA,https://edd.ca.gov/siteassets/files/jobs_and_training/warn/warn_report1.xlsx
777fd990277ef808344ce6d697026c25,Johns Manville,Johns Manville,2026-02-06,2026-04-19,90,Willows,CA,https://edd.ca.gov/siteassets/files/jobs_and_training/warn/warn_report1.xlsx
0d57cdf609a56aaf1b9852438bc66032,Clari Inc.,Clari Inc.,2026-02-10,2026-04-11,76,Sonora Court Sunnyvale,CA,https://edd.ca.gov/siteassets/files/jobs_and_training/warn/warn_report1.xlsx
584bf128e094a13a5a60268d2e5cc859,Yanfeng International Automotive Technology US I LLC,Yanfeng International Automotive Technology US I LLC,2026-02-11,2026-04-13,43,Hayman Street Hayward,CA,https://edd.ca.gov/siteassets/files/jobs_and_training/warn/warn_report1.xlsx
49a0e5518c4eb01a0a27b61de6bb6393,"Frito-Lay, Inc.","Frito-Lay, Inc.",2026-02-10,2026-06-06,248,Archibald Avenue Rancho Cucamonga,CA,https://edd.ca.gov/siteassets/files/jobs_and_training/warn/warn_report1.xlsx
fe5e34256ebf5e7d8e8723c5c7b12716,E.J. Gallo Winery - The Ranch Winery,E.J. Gallo Winery - The Ranch Winery,2026-02-12,2026-04-15,56,Zinfandel Lane Saint Helena,CA,https://edd.ca.gov/siteassets/files/jobs_and_training/warn/warn_report1.xlsx
0fe2e687c46b35ebddb14705c839f05e,"Main Street Sports Group, LLC","Main Street Sports Group, LLC",2026-02-13,2026-04-14,97,Culver Blvd. Los Angeles,CA,https://edd.ca.gov/siteassets/files/jobs_and_training/warn/warn_report1.xlsx
cc50c5971da1f9d1ae24d78ee82d6a7e,Outdoor Research,Outdoor Research,2026-02-13,2026-04-14,50,Hickson St El Monte,CA,https://edd.ca.gov/siteassets/files/jobs_and_training/warn/warn_report1.xlsx
a268af014d80d7271f05b30a9642918f,LPL Financial LLC,LPL Financial LLC,2026-02-13,2026-04-17,72,Executive Drive San Diego,CA,https://edd.ca.gov/siteassets/files/jobs_and_training/warn/warn_report1.xlsx
2336156dd1472054e94f6b4d83359124,"Harbinger Production, Inc.","Harbinger Production, Inc.",2026-02-12,2026-04-13,290,Vallejo,CA,https://edd.ca.gov/siteassets/files/jobs_and_training/warn/warn_report1.xlsx
831c9026df8f5009211f27e97846f0f8,E.G. Gallo Winery - Louis M. Martini Winery,E.G. Gallo Winery - Louis M. Martini Winery,2026-02-12,2026-04-15,15,St. Helena Hwy St. Helena,CA,https://edd.ca.gov/siteassets/files/jobs_and_training/warn/warn_report1.xlsx
b766f234a06f3d53fdb3ba4bd0017e8d,E. J. Gallo Wineries - Orin Swift Tasting Room,E. J. Gallo Wineries - Orin Swift Tasting Room,2026-02-12,2026-04-15,2,Main Street St. Helena,CA,https://edd.ca.gov/siteassets/files/jobs_and_training/warn/warn_report1.xlsx
5a0d4101fb93b909cc6a2dfb37fd2491,E. J. Gallo Wineries - J Vineyards & Winery,E. J. Gallo Wineries - J Vineyards & Winery,2026-02-12,2026-04-15,11,Old Redwood Hwy. Healdsburg,CA,https://edd.ca.gov/siteassets/files/jobs_and_training/warn/warn_report1.xlsx
3ce449a0dda591cee0a90d18f785314c,E. J. Gallo Wineries - Frei Ranch,E. J. Gallo Wineries - Frei Ranch,2026-02-12,2026-04-15,9,Dry Creek Road Healdsburg,CA,https://edd.ca.gov/siteassets/files/jobs_and_training/warn/warn_report1.xlsx
a38db84418ab97eb3d301c213d476e50,California Resources Corporation (Ming),California Resources Corporation (Ming),2026-02-17,2026-02-14,9,Ming Avenue Bakersfield,CA,https://edd.ca.gov/siteassets/files/jobs_and_training/warn/warn_report1.xlsx
9f2d919260209878525a52afc71c7feb,California Resources Corporation - (River Run),California Resources Corporation - (River Run),2026-02-17,2026-02-14,46,River run Blvd Bakersfield,CA,https://edd.ca.gov/siteassets/files/jobs_and_training/warn/warn_report1.xlsx
4b55211ba8fff8c63a679b6cd6e3e838,Topanga Social Manager. LLC - Topanga Social Food Hall,Topanga Social Manager. LLC - Topanga Social Food Hall,2026-02-13,2026-04-14,131,Canoga Park,CA,https://edd.ca.gov/siteassets/files/jobs_and_training/warn/warn_report1.xlsx
4cc8b59ea0ace6b1a833e713775d91c8,Renova Energy Corporation,Renova Energy Corporation,2026-02-12,2026-04-10,49,Cook Street Palm Desert,CA,https://edd.ca.gov/siteassets/files/jobs_and_training/warn/warn_report1.xlsx
e6ad8c24d6acf040268dc71f88325478,"Red O La Jolla, LCC","Red O La Jolla, LCC",2026-02-16,2026-04-20,91,La Jolla Village Drive San Diego,CA,https://edd.ca.gov/siteassets/files/jobs_and_training/warn/warn_report1.xlsx
767ff68d98fa79048bf47446938fd46c,Corteva Agriscience LLC,Corteva Agriscience LLC,2026-02-18,2026-04-24,3,Loveridge Road Pittsburg,CA,https://edd.ca.gov/siteassets/files/jobs_and_training/warn/warn_report1.xlsx
f80ffb3a77deb9a7bd8ce8fb460c45dc,De La Pena Eye Clinic - DLP Commerce,De La Pena Eye Clinic - DLP Commerce,2026-02-13,2026-03-13,38,Commerce,CA,https://edd.ca.gov/siteassets/files/jobs_and_training/warn/warn_report1.xlsx
a24f09dea34a57f313f4edd91f84c595,De La Pena Eye Clinic - DLP El Monte,De La Pena Eye Clinic - DLP El Monte,2026-02-13,2026-03-13,5,Ramona Blvd. A El Monte,CA,https://edd.ca.gov/siteassets/files/jobs_and_training/warn/warn_report1.xlsx
35db53429e27332a036f6977f84b81f7,De La Pena Eye Clinic - DLP Huntington Park,De La Pena Eye Clinic - DLP Huntington Park,2026-02-13,2026-03-13,15,E Florence Ave. Huntington Park,CA,https://edd.ca.gov/siteassets/files/jobs_and_training/warn/warn_report1.xlsx
384ad8f744bb4adf466642e57d63e218,De La Pena Eye Clinic - DLP Long Beach,De La Pena Eye Clinic - DLP Long Beach,2026-02-13,2026-03-13,3,Termino Avenue Long Beach,CA,https://edd.ca.gov/siteassets/files/jobs_and_training/warn/warn_report1.xlsx
763204bd14108d4563b5b85b051f3494,De La Pena Eye Clinic - DLP Los Angeles,De La Pena Eye Clinic - DLP Los Angeles,2026-02-13,2026-03-13,12,S. Alvarado St. Los Angeles,CA,https://edd.ca.gov/siteassets/files/jobs_and_training/warn/warn_report1.xlsx
12253597d2c9f1ace3f53455852daadc,De La Pena Eye Clinic - DLP Montebello,De La Pena Eye Clinic - DLP Montebello,2026-02-13,2026-03-13,38,W. Whittier Blvd. Montebello,CA,https://edd.ca.gov/siteassets/files/jobs_and_training/warn/warn_report1.xlsx
e1ab6b8c66e25d18a47267068ef92258,De La Pena Eye Clinic - DLP Van Nuys,De La Pena Eye Clinic - DLP Van Nuys,2026-02-13,2026-03-13,19,Van Nuys,CA,https://edd.ca.gov/siteassets/files/jobs_and_training/warn/warn_report1.xlsx
0c582264ef3a97df126e26c62a4da714,De La Pena Eye Clinic - DLP Santa Ana,De La Pena Eye Clinic - DLP Santa Ana,2026-02-13,2026-03-13,6,N Grand Ave. Santa Ana,CA,https://edd.ca.gov/siteassets/files/jobs_and_training/warn/warn_report1.xlsx
2d22ee7fad646ee6759fa78901ba9d1d,Med-Laser Surgical Center LLC,Med-Laser Surgical Center LLC,2026-02-13,2026-04-14,22,Montebello,CA,https://edd.ca.gov/siteassets/files/jobs_and_training/warn/warn_report1.xlsx
d3f76f44af8f8bbaa3dd122050d275f9,Wescom Financial,Wescom Financial,2026-02-19,2026-04-21,15,South Marengo Ave. Pasadena,CA,https://edd.ca.gov/siteassets/files/jobs_and_training/warn/warn_report1.xlsx
0aec4d93bb4c15fb9e8d522858aa025d,Wescom Financial,Wescom Financial,2026-02-19,2026-04-21,1,Jefferson Blvd. Culver City,CA,https://edd.ca.gov/siteassets/files/jobs_and_training/warn/warn_report1.xlsx
c117c59b0535fed6e6c333e1f85d78c6,Wescom Financial,Wescom Financial,2026-02-19,2026-04-21,1,Street Hawthorne,CA,https://edd.ca.gov/siteassets/files/jobs_and_training/warn/warn_report1.xlsx
f08ba0a92c518bbe7edef1c7b0a3a908,Wescom Financial,Wescom Financial,2026-02-19,2026-04-21,1,St. Torrance,CA,https://edd.ca.gov/siteassets/files/jobs_and_training/warn/warn_report1.xlsx
29ae8426158cc5668b2c307818394c1e,Wescom Financial,Wescom Financial,2026-02-19,2026-04-21,1,E Garvey Ave. West Covina,CA,https://edd.ca.gov/siteassets/files/jobs_and_training/warn/warn_report1.xlsx
d72564ddf3dc8fbebadb9859fb0d58eb,Wescom Financial,Wescom Financial,2026-02-19,2026-04-21,2,Marina,CA,https://edd.ca.gov/siteassets/files/jobs_and_training/warn/warn_report1.xlsx
bf7a064cd12e20a9eb05424677417be7,Wescom Financial,Wescom Financial,2026-02-19,2026-04-21,1,S Main St. Salinas,CA,https://edd.ca.gov/siteassets/files/jobs_and_training/warn/warn_report1.xlsx
8fce8196b45615e525432d0973d7514f,Wescom Financial,Wescom Financial,2026-02-19,2026-04-21,40,E. La Palma Ave. Anaheim,CA,https://edd.ca.gov/siteassets/files/jobs_and_training/warn/warn_report1.xlsx
88c0af2e0760ff41d9b33b5997221962,Wescom Financial,Wescom Financial,2026-02-19,2026-04-21,1,Buena Park,CA,https://edd.ca.gov/siteassets/files/jobs_and_training/warn/warn_report1.xlsx
dd0a6f7f63428f0f5a439b3741ee8db9,Wescom Financial,Wescom Financial,2026-02-19,2026-04-21,1,Alton Pkwy. Irvine,CA,https://edd.ca.gov/siteassets/files/jobs_and_training/warn/warn_report1.xlsx
4525f4b9ec0375989f586e0598f3c44f,Wescom Financial,Wescom Financial,2026-02-19,2026-04-21,1,S Beach Blvd Suite B La Habra,CA,https://edd.ca.gov/siteassets/files/jobs_and_training/warn/warn_report1.xlsx
9fc2f86a6ca5fd134d45a0250331101c,Wescom Financial,Wescom Financial,2026-02-19,2026-04-21,1,W Chapman Avenue Orange,CA,https://edd.ca.gov/siteassets/files/jobs_and_training/warn/warn_report1.xlsx
d1f14d0d129a4ce44317f300c134ae52,Wescom Financial,Wescom Financial,2026-02-19,2026-04-21,1,Grand Oaks Corona,CA,https://edd.ca.gov/siteassets/files/jobs_and_training/warn/warn_report1.xlsx
235e29ef831881bc879c8905fd30c748,Wescom Financial,Wescom Financial,2026-02-19,2026-04-21,1,E Mills Circle Ontario,CA,https://edd.ca.gov/siteassets/files/jobs_and_training/warn/warn_report1.xlsx
353538ef790738e3aa3454bdb402f684,Wescom Financial,Wescom Financial,2026-02-19,2026-04-21,1,Redlands,CA,https://edd.ca.gov/siteassets/files/jobs_and_training/warn/warn_report1.xlsx
bddd68b384744d0729da7cb18db935dc,Wescom Financial,Wescom Financial,2026-02-19,2026-04-21,1,E. Gonzales Rd. Oxnard,CA,https://edd.ca.gov/siteassets/files/jobs_and_training/warn/warn_report1.xlsx
1a9fd7a9be6e52a93a325b06c4199859,Wescom Financial,Wescom Financial,2026-02-19,2026-04-21,1,E Tapo Canyon Road Simi Valley,CA,https://edd.ca.gov/siteassets/files/jobs_and_training/warn/warn_report1.xlsx
28063ec3bdd3a59c3f97517b10b352b5,Wescom Financial,Wescom Financial,2026-02-19,2026-04-21,1,East Hillcrest Dr. Thousand Oaks,CA,https://edd.ca.gov/siteassets/files/jobs_and_training/warn/warn_report1.xlsx
7d74517cc6ecbc5aa65c9ef36d4bd700,Jackson Family Wines (Carneros Hills Winery),Jackson Family Wines (Carneros Hills Winery),2026-02-12,2026-04-17,13,Ramal Road Sonoma,CA,https://edd.ca.gov/siteassets/files/jobs_and_training/warn/warn_report1.xlsx
c798511f5bcb7e25aff4803883eee5a7,"Lucid Group, Inc.","Lucid Group, Inc.",2026-02-20,2026-04-21,319,Gateway Blvd. Newark,CA,https://edd.ca.gov/siteassets/files/jobs_and_training/warn/warn_report1.xlsx
10c6509a92e3eb949b4aa7c484b87662,Tony's Fine Foods,Tony's Fine Foods,2026-02-20,2026-05-01,24,Day St Moreno Valley,CA,https://edd.ca.gov/siteassets/files/jobs_and_training/warn/warn_report1.xlsx
a09571424a834ad7821adb7fcc825c0a,Wells Fargo,Wells Fargo,2026-02-20,2026-04-21,21,Market Street San Francisco,CA,https://edd.ca.gov/siteassets/files/jobs_and_training/warn/warn_report1.xlsx
409ce2f430fb0fbbc90356a7f417528c,Raley's,Raley's,2026-02-20,2026-04-28,43,Lone Tree Way Antioch,CA,https://edd.ca.gov/siteassets/files/jobs_and_training/warn/warn_report1.xlsx
1bc1ac071b5502acabf5d59dee13079b,"C3.ai, Inc.","C3.ai, Inc.",2026-02-23,2026-04-26,71,Seaport Boulevard Redwood City,CA,https://edd.ca.gov/siteassets/files/jobs_and_training/warn/warn_report1.xlsx
09d60ca614ed0f1a4bf3fcf97004e3ae,Ferrara Candy Company (One Jelly Belly),Ferrara Candy Company (One Jelly Belly),2026-02-21,2026-06-01,2,Jelly Belly Lane Fairfield,CA,https://edd.ca.gov/siteassets/files/jobs_and_training/warn/warn_report1.xlsx
9382acbb40e77070c1b8e755df97f048,Ferrara Candy Company (2400),Ferrara Candy Company (2400),2026-02-21,2026-06-01,17,N. Watney Way Fairfield,CA,https://edd.ca.gov/siteassets/files/jobs_and_training/warn/warn_report1.xlsx
f224e9cc5b1c6329f597b864b317414f,Ferrara Candy Company (2500),Ferrara Candy Company (2500),2026-02-21,2026-06-01,33,N. Watney Way Fairfield,CA,https://edd.ca.gov/siteassets/files/jobs_and_training/warn/warn_report1.xlsx
68b6e1d2304dc5c809e887e81e58d371,Ferrara Candy Company (2385),Ferrara Candy Company (2385),2026-02-21,2026-06-01,16,N. Watney Way Fairfield,CA,https://edd.ca.gov/siteassets/files/jobs_and_training/warn/warn_report1.xlsx
ee08c867cb6ffc2796a05dfdd6d6a8e6,Ferrara Candy Company (Courage Drive),Ferrara Candy Company (Courage Drive),2026-02-21,2026-06-01,1,Courage Drive Fairfield,CA,https://edd.ca.gov/siteassets/files/jobs_and_training/warn/warn_report1.xlsx
41c0f3dbab263c7a1aa9114619fe730f,"Safari West, Inc.","Safari West, Inc.",2026-02-23,2026-04-21,134,Porter Creek Road Santa Rosa,CA,https://edd.ca.gov/siteassets/files/jobs_and_training/warn/warn_report1.xlsx
